{
  "name": "tether",
  "repo": "HubSpot/tether",
  "version": "1.3.1",
  "description": "A client-side library to make absolutely positioned elements attach to elements in the page efficiently.",
  "authors": [
    "Zack Bloom <zackbloom@gmail.com>",
    "Adam Schwartz <adam.flynn.schwartz@gmail.com>"
  ],
  "maintainers": [
    "Nicholas Hwang <nick.joosung.hwang@gmail.com>"
  ],
  "license": "MIT",
  "demo": "http://github.hubspot.com/tether/docs/welcome/",
  "main": "dist/js/tether.js",
  "styles": [
    "dist/css/tether.css"
  ],
  "scripts": [
    "dist/js/tether.js"
  ]
}
